{"lr": 0.00997794446709763, "data_time": 0.004185962677001953, "loss": 0.7165567100048065, "decode.loss_ce": 0.4903185427188873, "decode.acc_seg": 77.86178588867188, "aux.loss_ce": 0.22623815685510634, "aux.acc_seg": 74.49614715576172, "time": 0.16758546829223633, "step": 100}
{"lr": 0.009955660594668054, "data_time": 0.0041246175765991214, "loss": 0.7602784097194671, "decode.loss_ce": 0.5222201734781265, "decode.acc_seg": 86.75010681152344, "aux.loss_ce": 0.23805823922157288, "aux.acc_seg": 78.57794189453125, "time": 0.16818671226501464, "step": 200}
{"lr": 0.009933371122565919, "data_time": 0.004056286811828613, "loss": 0.6558463335037231, "decode.loss_ce": 0.44399352967739103, "decode.acc_seg": 90.7561264038086, "aux.loss_ce": 0.2118528038263321, "aux.acc_seg": 87.39799499511719, "time": 0.16723060607910156, "step": 300}
{"lr": 0.009911076035273796, "data_time": 0.004100203514099121, "loss": 0.6095050811767578, "decode.loss_ce": 0.41949058771133424, "decode.acc_seg": 85.49784851074219, "aux.loss_ce": 0.19001449048519134, "aux.acc_seg": 78.20507049560547, "time": 0.16696953773498535, "step": 400}
{"aAcc": 84.89, "mIoU": 66.39, "mAcc": 76.12, "step": 400}
{"lr": 0.0098887753171919, "data_time": 0.0038713932037353514, "loss": 0.491545370221138, "decode.loss_ce": 0.332550385594368, "decode.acc_seg": 81.27156829833984, "aux.loss_ce": 0.15899498909711837, "aux.acc_seg": 78.3160400390625, "time": 0.16656908988952637, "step": 500}
{"lr": 0.009866468952637547, "data_time": 0.004112601280212402, "loss": 0.542687177658081, "decode.loss_ce": 0.3642566978931427, "decode.acc_seg": 86.46326446533203, "aux.loss_ce": 0.17843047529459, "aux.acc_seg": 86.94222259521484, "time": 0.17095639705657958, "step": 600}
{"lr": 0.009844156925844432, "data_time": 0.004122686386108398, "loss": 0.5469584345817566, "decode.loss_ce": 0.37452814877033236, "decode.acc_seg": 86.69216918945312, "aux.loss_ce": 0.17243029326200485, "aux.acc_seg": 85.4594497680664, "time": 0.17020270824432374, "step": 700}
{"lr": 0.009821839220962003, "data_time": 0.003931879997253418, "loss": 0.5745364099740982, "decode.loss_ce": 0.3883798748254776, "decode.acc_seg": 85.34199523925781, "aux.loss_ce": 0.18615652173757552, "aux.acc_seg": 84.29481506347656, "time": 0.17018306255340576, "step": 800}
{"aAcc": 87.34, "mIoU": 71.81, "mAcc": 81.12, "step": 800}
