{"mode": "train", "epoch": 1, "iter": 10, "lr": 0.0025, "memory": 2282, "data_time": 0.21148, "loss_rpn_cls": 0.02298, "loss_rpn_bbox": 0.01816, "loss_cls": 0.67621, "acc": 72.88086, "loss_bbox": 0.43024, "loss": 1.14759, "time": 0.33439}
{"mode": "train", "epoch": 1, "iter": 20, "lr": 0.0025, "memory": 2282, "data_time": 0.00724, "loss_rpn_cls": 0.01086, "loss_rpn_bbox": 0.01304, "loss_cls": 0.19068, "acc": 93.37891, "loss_bbox": 0.33366, "loss": 0.54825, "time": 0.12084}
{"mode": "train", "epoch": 2, "iter": 10, "lr": 0.0025, "memory": 2282, "data_time": 0.21416, "loss_rpn_cls": 0.01635, "loss_rpn_bbox": 0.01474, "loss_cls": 0.16772, "acc": 94.38477, "loss_bbox": 0.28686, "loss": 0.48567, "time": 0.32891}
{"mode": "train", "epoch": 2, "iter": 20, "lr": 0.0025, "memory": 2282, "data_time": 0.00743, "loss_rpn_cls": 0.01276, "loss_rpn_bbox": 0.0138, "loss_cls": 0.1354, "acc": 94.75586, "loss_bbox": 0.21529, "loss": 0.37725, "time": 0.11975}
{"mode": "train", "epoch": 3, "iter": 10, "lr": 0.0025, "memory": 2282, "data_time": 0.21215, "loss_rpn_cls": 0.00705, "loss_rpn_bbox": 0.0115, "loss_cls": 0.11349, "acc": 95.74219, "loss_bbox": 0.19211, "loss": 0.32415, "time": 0.32627}
{"mode": "train", "epoch": 3, "iter": 20, "lr": 0.0025, "memory": 2282, "data_time": 0.00737, "loss_rpn_cls": 0.01076, "loss_rpn_bbox": 0.01444, "loss_cls": 0.15897, "acc": 93.95508, "loss_bbox": 0.27444, "loss": 0.45861, "time": 0.12936}
{"mode": "train", "epoch": 4, "iter": 10, "lr": 0.0025, "memory": 2282, "data_time": 0.21368, "loss_rpn_cls": 0.00738, "loss_rpn_bbox": 0.01486, "loss_cls": 0.12806, "acc": 95.01953, "loss_bbox": 0.23245, "loss": 0.38275, "time": 0.33507}
{"mode": "train", "epoch": 4, "iter": 20, "lr": 0.0025, "memory": 2282, "data_time": 0.00757, "loss_rpn_cls": 0.00736, "loss_rpn_bbox": 0.01225, "loss_cls": 0.11981, "acc": 95.89844, "loss_bbox": 0.21821, "loss": 0.35763, "time": 0.12636}
{"mode": "train", "epoch": 5, "iter": 10, "lr": 0.0025, "memory": 2282, "data_time": 0.21537, "loss_rpn_cls": 0.00433, "loss_rpn_bbox": 0.01119, "loss_cls": 0.11039, "acc": 95.81055, "loss_bbox": 0.22223, "loss": 0.34814, "time": 0.33313}
{"mode": "train", "epoch": 5, "iter": 20, "lr": 0.0025, "memory": 2282, "data_time": 0.00716, "loss_rpn_cls": 0.00393, "loss_rpn_bbox": 0.01106, "loss_cls": 0.09466, "acc": 96.5332, "loss_bbox": 0.18707, "loss": 0.29672, "time": 0.12326}
{"mode": "train", "epoch": 6, "iter": 10, "lr": 0.0025, "memory": 2282, "data_time": 0.21201, "loss_rpn_cls": 0.00514, "loss_rpn_bbox": 0.00893, "loss_cls": 0.08066, "acc": 97.27539, "loss_bbox": 0.17046, "loss": 0.2652, "time": 0.32972}
{"mode": "train", "epoch": 6, "iter": 20, "lr": 0.0025, "memory": 2282, "data_time": 0.00749, "loss_rpn_cls": 0.00202, "loss_rpn_bbox": 0.01087, "loss_cls": 0.09547, "acc": 96.2207, "loss_bbox": 0.18083, "loss": 0.28919, "time": 0.12224}
{"mode": "train", "epoch": 7, "iter": 10, "lr": 0.0025, "memory": 2282, "data_time": 0.21105, "loss_rpn_cls": 0.00312, "loss_rpn_bbox": 0.00973, "loss_cls": 0.08959, "acc": 96.5625, "loss_bbox": 0.17305, "loss": 0.27549, "time": 0.32701}
{"mode": "train", "epoch": 7, "iter": 20, "lr": 0.0025, "memory": 2282, "data_time": 0.00728, "loss_rpn_cls": 0.00327, "loss_rpn_bbox": 0.01254, "loss_cls": 0.09188, "acc": 96.34766, "loss_bbox": 0.18256, "loss": 0.29026, "time": 0.12288}
{"mode": "train", "epoch": 8, "iter": 10, "lr": 0.0025, "memory": 2282, "data_time": 0.21177, "loss_rpn_cls": 0.00133, "loss_rpn_bbox": 0.00834, "loss_cls": 0.07024, "acc": 97.1875, "loss_bbox": 0.1377, "loss": 0.21762, "time": 0.32814}
{"mode": "train", "epoch": 8, "iter": 20, "lr": 0.0025, "memory": 2282, "data_time": 0.00729, "loss_rpn_cls": 0.00302, "loss_rpn_bbox": 0.00875, "loss_cls": 0.07521, "acc": 97.16797, "loss_bbox": 0.17089, "loss": 0.25788, "time": 0.12163}
{"mode": "train", "epoch": 9, "iter": 10, "lr": 0.00025, "memory": 2282, "data_time": 0.21239, "loss_rpn_cls": 0.00188, "loss_rpn_bbox": 0.00848, "loss_cls": 0.06694, "acc": 97.29492, "loss_bbox": 0.12962, "loss": 0.20692, "time": 0.32725}
{"mode": "train", "epoch": 9, "iter": 20, "lr": 0.00025, "memory": 2282, "data_time": 0.00732, "loss_rpn_cls": 0.00171, "loss_rpn_bbox": 0.0071, "loss_cls": 0.05991, "acc": 97.57812, "loss_bbox": 0.11128, "loss": 0.18001, "time": 0.12177}
{"mode": "train", "epoch": 10, "iter": 10, "lr": 0.00025, "memory": 2282, "data_time": 0.21175, "loss_rpn_cls": 0.00306, "loss_rpn_bbox": 0.00871, "loss_cls": 0.07078, "acc": 97.05078, "loss_bbox": 0.13619, "loss": 0.21875, "time": 0.32667}
{"mode": "train", "epoch": 10, "iter": 20, "lr": 0.00025, "memory": 2282, "data_time": 0.00739, "loss_rpn_cls": 0.00144, "loss_rpn_bbox": 0.0061, "loss_cls": 0.06077, "acc": 97.64648, "loss_bbox": 0.12438, "loss": 0.19268, "time": 0.12177}
{"mode": "train", "epoch": 11, "iter": 10, "lr": 0.00025, "memory": 2282, "data_time": 0.21253, "loss_rpn_cls": 0.00131, "loss_rpn_bbox": 0.0071, "loss_cls": 0.06578, "acc": 97.46094, "loss_bbox": 0.1162, "loss": 0.19039, "time": 0.32704}
{"mode": "train", "epoch": 11, "iter": 20, "lr": 0.00025, "memory": 2282, "data_time": 0.00728, "loss_rpn_cls": 0.00118, "loss_rpn_bbox": 0.00823, "loss_cls": 0.05937, "acc": 97.8125, "loss_bbox": 0.12438, "loss": 0.19316, "time": 0.12204}
{"mode": "train", "epoch": 12, "iter": 10, "lr": 3e-05, "memory": 2282, "data_time": 0.21226, "loss_rpn_cls": 0.00118, "loss_rpn_bbox": 0.00672, "loss_cls": 0.05561, "acc": 97.95898, "loss_bbox": 0.11765, "loss": 0.18117, "time": 0.32759}
{"mode": "train", "epoch": 12, "iter": 20, "lr": 3e-05, "memory": 2282, "data_time": 0.00718, "loss_rpn_cls": 0.00118, "loss_rpn_bbox": 0.00539, "loss_cls": 0.04884, "acc": 98.24219, "loss_bbox": 0.09211, "loss": 0.14753, "time": 0.121}
{"mode": "val", "epoch": 12, "iter": 25, "lr": 3e-05, "AP50": 0.559, "mAP": 0.55941}
{"mode": "train", "epoch": 1, "iter": 10, "lr": 0.0025, "memory": 2282, "data_time": 0.21474, "loss_rpn_cls": 0.04122, "loss_rpn_bbox": 0.01797, "loss_cls": 0.13622, "acc": 95.3418, "loss_bbox": 0.22337, "loss": 0.41879, "time": 0.33185}
{"mode": "train", "epoch": 1, "iter": 20, "lr": 0.0025, "memory": 2282, "data_time": 0.00702, "loss_rpn_cls": 0.02465, "loss_rpn_bbox": 0.01724, "loss_cls": 0.13585, "acc": 94.6582, "loss_bbox": 0.22689, "loss": 0.40462, "time": 0.11892}
{"mode": "train", "epoch": 2, "iter": 10, "lr": 0.0025, "memory": 2282, "data_time": 0.21443, "loss_rpn_cls": 0.01101, "loss_rpn_bbox": 0.01041, "loss_cls": 0.08953, "acc": 96.79688, "loss_bbox": 0.1415, "loss": 0.25245, "time": 0.32741}
{"mode": "train", "epoch": 2, "iter": 20, "lr": 0.0025, "memory": 2282, "data_time": 0.00727, "loss_rpn_cls": 0.00776, "loss_rpn_bbox": 0.01335, "loss_cls": 0.10729, "acc": 96.13281, "loss_bbox": 0.19026, "loss": 0.31866, "time": 0.1214}
{"mode": "train", "epoch": 3, "iter": 10, "lr": 0.0025, "memory": 2282, "data_time": 0.21127, "loss_rpn_cls": 0.00567, "loss_rpn_bbox": 0.01061, "loss_cls": 0.09604, "acc": 96.33789, "loss_bbox": 0.17508, "loss": 0.28741, "time": 0.32642}
{"mode": "train", "epoch": 3, "iter": 20, "lr": 0.0025, "memory": 2282, "data_time": 0.00717, "loss_rpn_cls": 0.00727, "loss_rpn_bbox": 0.01325, "loss_cls": 0.11448, "acc": 95.69336, "loss_bbox": 0.21237, "loss": 0.34737, "time": 0.12113}
{"mode": "train", "epoch": 4, "iter": 10, "lr": 0.0025, "memory": 2282, "data_time": 0.21185, "loss_rpn_cls": 0.00527, "loss_rpn_bbox": 0.01056, "loss_cls": 0.09323, "acc": 96.46484, "loss_bbox": 0.18054, "loss": 0.28961, "time": 0.33285}
{"mode": "train", "epoch": 4, "iter": 20, "lr": 0.0025, "memory": 2282, "data_time": 0.00726, "loss_rpn_cls": 0.0061, "loss_rpn_bbox": 0.01067, "loss_cls": 0.09356, "acc": 96.58203, "loss_bbox": 0.16407, "loss": 0.2744, "time": 0.12262}
{"mode": "train", "epoch": 5, "iter": 10, "lr": 0.0025, "memory": 2282, "data_time": 0.2149, "loss_rpn_cls": 0.00652, "loss_rpn_bbox": 0.01026, "loss_cls": 0.08858, "acc": 96.69922, "loss_bbox": 0.17833, "loss": 0.28369, "time": 0.33131}
{"mode": "train", "epoch": 5, "iter": 20,