{"lr": 0.009988973054603395, "data_time": 0.002422928810119629, "loss": 0.020147138088941575, "decode.loss_ce": 0.013693974167108536, "decode.acc_seg": 96.00923919677734, "aux.loss_ce": 0.006453163735568523, "aux.acc_seg": 96.00923919677734, "time": 0.06186835765838623, "step": 100}
{"lr": 0.009977833338763812, "data_time": 0.003365349769592285, "loss": 0.02364446483552456, "decode.loss_ce": 0.01627615592442453, "decode.acc_seg": 88.25767517089844, "aux.loss_ce": 0.007368309004232287, "aux.acc_seg": 88.25767517089844, "time": 0.06522464752197266, "step": 200}
{"lr": 0.009966692226882018, "data_time": 0.002822470664978027, "loss": 0.02771822698414326, "decode.loss_ce": 0.019604475423693656, "decode.acc_seg": 89.45059967041016, "aux.loss_ce": 0.008113751281052827, "aux.acc_seg": 89.45059967041016, "time": 0.06309809684753417, "step": 300}
{"lr": 0.009955549717031104, "data_time": 0.0024948358535766602, "loss": 0.021108138654381037, "decode.loss_ce": 0.015039988048374652, "decode.acc_seg": 81.69367218017578, "aux.loss_ce": 0.00606815058272332, "aux.acc_seg": 81.69367218017578, "time": 0.06119716167449951, "step": 400}
{"aAcc": 99.49, "mIoU": 45.91, "mAcc": 50.0, "step": 400}
{"lr": 0.009944405807279068, "data_time": 0.0025145769119262694, "loss": 0.025611744076013566, "decode.loss_ce": 0.01818242482841015, "decode.acc_seg": 90.18340301513672, "aux.loss_ce": 0.007429319154471159, "aux.acc_seg": 90.18340301513672, "time": 0.06090235710144043, "step": 500}
{"lr": 0.009933260495688814, "data_time": 0.0023921728134155273, "loss": 0.0194516914896667, "decode.loss_ce": 0.0139004809781909, "decode.acc_seg": 94.81221771240234, "aux.loss_ce": 0.00555121055804193, "aux.acc_seg": 94.81221771240234, "time": 0.06289803981781006, "step": 600}
{"lr": 0.00992211378031814, "data_time": 0.002589869499206543, "loss": 0.025636182725429536, "decode.loss_ce": 0.018188669066876172, "decode.acc_seg": 92.3671646118164, "aux.loss_ce": 0.007447513658553362, "aux.acc_seg": 92.3671646118164, "time": 0.062270069122314455, "step": 700}
{"lr": 0.009910965659219699, "data_time": 0.0027065515518188477, "loss": 0.01898528914898634, "decode.loss_ce": 0.013456962443888188, "decode.acc_seg": 93.61470794677734, "aux.loss_ce": 0.00552832658868283, "aux.acc_seg": 93.61470794677734, "time": 0.06261920928955078, "step": 800}
{"aAcc": 99.49, "mIoU": 45.91, "mAcc": 50.0, "step": 800}
